title,category
desarrollador de bases de datos  trabajo al sur de bogota hibrido,
desarrollador de plsql,
desarrollador de plsql,
desarrollador etl,
desarrollador etl,
desarrollador etl,
desarrollador frontend,
desarrollador frontend,
desarrollador frontend,
desarrollador frontend,
desarrollador frontend,
desarrollador frontend,
desarrollador frontend,
desarrollador frontend,
desarrollador frontend,
desarrollador frontend,
desarrollador frontend,
desarrollador frontend,
desarrollador frontend,
desarrollador frontend,
desarrollador frontend,
desarrollador frontend,
desarrollador ti,
desarrollador ti,
desarrollador ti,
desarrollador ti,
desarrollador ti,
desarrollador ti,
desarrollador ti,
desarrollador web,
desarrollador web,
desarrollador web,
desarrollador web,
desarrollador web,
desarrollador web,
desarrollador web,
desarrollador web,
desarrollador web e integracion,
desarrollador web e integracion,
desarrollador web e integracion,
desarrollador web e integracion,
desarrollador web junior  bogota,
desarrollador web junior  bogota,
desarrollador web junior  bogota,
desarrollador web junior  bogota,
desarrollador wordpress  modalidad remota,
desarrollador wordpress  modalidad remota,
desarrollador wordpress  modalidad remota,
desarrolladora java labor en remoto,
desarrolladora java labor en remoto,
desarrolladora java labor en remoto,
desarrolladora java labor en remoto,
desarrolladora java labor en remoto,
desarrolladora java labor en remoto,
desarrolladora java labor en remoto,
desarrolladora java labor en remoto,
desarrolladora java labor en remoto,
desarrolladora java labor en remoto,
desarrolladora java labor en remoto,
desarrolladora java labor en remoto,
desarrolladora java labor en remoto,
desarrolladora java labor en remoto,
desarrolladora java labor en remoto,
desarrolladora java labor en remoto,
desarrolladora java labor en remoto,
desarrolladora java labor en remoto,
desarrolladora java labor en remoto,
desarrolladora java labor en remoto,
desarrolladora java labor en remoto,
desarrolladora java labor en remoto,
desarrolladora java labor en remoto,
desarrolladora java labor en remoto,
dinamizadora municipal,
director de it sector fintech,
director de it sector fintech,
director de it sector fintech,
director de it sector fintech,
director de it sector fintech,
director de it sector fintech,
director de it sector fintech,
director de it sector fintech,
director de it sector fintech,
director de it sector fintech,
director de it sector fintech,
director de it sector fintech,
director de it sector fintech,
director de it sector fintech,
director de it sector fintech,
director de it sector fintech,
director de it sector fintech,
director de it sector fintech,
director de it sector fintech,
director de sistemas,
docente de informatica,
docente de informatica,
docente de informatica,
docente de informatica,
docente de informatica,
docente de informatica,
docente de informatica,
docente de informatica,
docente de informatica,
docente de informatica,
docente de informatica,
docente de informatica,
docente de informatica,
docente de informatica,
docente de informatica,
docente de matematicas e informatica,
docente de matematicas e informatica,
docente de matematicas e informatica,
docente de matematicas e informatica,
docente de matematicas e informatica,
docente de matematicas e informatica,
docente de matematicas e informatica,
docente de matematicas e informatica,
docente de matematicas e informatica,
docente de matematicas e informatica,
docente de matematicas e informatica,
docente de redes e informatica,
docente de redes e informatica,
docente de redes e informatica,
docente de redes e informatica,
docente de redes e informatica,
docente informaticasistemas,
docente informaticasistemas,
docente informaticasistemas,
docente informaticasistemas,
docente informaticasistemas,
docente informaticasistemas,
docente informaticasistemas,
docente informaticasistemas,
docente informaticasistemas,
docente informaticasistemas,
docente informaticasistemas,
docente informaticasistemas,
docente informaticasistemas,
docente informaticasistemas,
docente informaticasistemas,
docente informaticasistemas,
docente informaticasistemas,
docente informaticasistemas,
docente informaticasistemas,
docente lenguajes de programacion  bogota cet,
docente lenguajes de programacion  bogota cet,
docente lenguajes de programacion  bogota cet,
docente lenguajes de programacion  bogota cet,
docente lenguajes de programacion  bogota cet,
especialista de calidad ti,
especialista de calidad ti,
especialista de calidad ti,
gestor de problemas ti  itil  bogota colombia,
gestor de problemas ti  itil  bogota colombia,
gestor de problemas ti  itil  bogota colombia,
gestor de problemas ti  itil  bogota colombia,
gestor de problemas ti  itil  bogota colombia,
gestor de soporte y tecnologia,
gestor de soporte y tecnologia,
gestor de soporte y tecnologia,
gestor de soporte y tecnologia,
gestor de soporte y tecnologia,
gestor de soporte y tecnologia,
gestora de tecnologia,
gestora de tecnologia,
gestora de tecnologia,
gestora de tecnologia,
gestora de tecnologia,
gestora de tecnologia,
gestora de tecnologia,
gestora de tecnologia,
gestora de tecnologia,
head of analytics  data engineering,
head of analytics  data engineering,
head of analytics  data engineering,
ing centro servicio ti  pool de talento,
ing centro servicio ti  pool de talento,
ing centro servicio ti  pool de talento,
ing centro servicio ti  pool de talento,
ing centro servicio ti  pool de talento,
ing centro servicio ti  pool de talento,
ing centro servicio ti  pool de talento,
ingeniero aseguramiento de calidad qa,
ingeniero aseguramiento de calidad qa,
ingeniero aseguramiento de calidad qa,
ingeniero aseguramiento de calidad qa,
ingeniero aseguramiento de calidad qa,
ingeniero aseguramiento de calidad qa,
ingeniero aseguramiento de calidad qa,
ingeniero aseguramiento de calidad qa,
ingeniero bases de datos,
ingeniero bases de datos,
ingeniero bases de datos,
ingeniero bases de datos,
ingeniero bases de datos,
ingeniero bases de datos,
ingeniero bases de datos,
ingeniero bases de datos,
ingeniero bases de datos,
ingeniero bases de datos,
ingeniero bases de datos,
ingeniero bases de datos,
ingeniero bases de datos,
ingeniero de datos,
ingeniero de datos,
ingeniero de datos,
ingeniero de datos,
ingeniero de datos,
ingeniero de datos,
ingeniero de datos,
ingeniero de datos,
ingeniero de datos,
ingeniero de datos,
ingeniero de datos,
ingeniero de datos,
ingeniero de datos,
ingeniero de datos,
ingeniero de datos,
ingeniero de datos,
ingeniero de datos,
ingeniero de datos,
ingeniero de datos,
ingeniero de datos,
ingeniero de datos,
ingeniero de datos,
ingeniero de datos,
ingeniero de datos,
ingeniero de datos,
ingeniero de datos,
ingeniero de datos,
ingeniero de datos,
ingeniero de datos,
ingeniero de datos,
ingeniero de datos,
ingeniero de datos,
ingeniero de datos,
ingeniero de datos,
ingeniero de datos,
ingeniero de datos,
ingeniero de datos,
ingeniero de datos,
ingeniero de datos,
ingeniero de datos,
ingeniero de datos,
ingeniero de datos,
ingeniero de datos,
ingeniero de datos,
ingeniero de datos,
ingeniero de datos,
ingeniero de datos,
ingeniero de datos,
ingeniero de datos,
ingeniero de datos,
ingeniero de datos,
ingeniero de datos,
ingeniero de datos,
ingeniero de datos,
ingeniero de datos,
ingeniero de datos,
ingeniero de datos,
ingeniero de datos,
ingeniero de datos,
ingeniero de datos,
ingeniero de datos,
ingeniero de datos junior  bogota colombia,
ingeniero de datos junior  bogota colombia,
ingeniero de datos junior  bogota colombia,
ingeniero de datos senior  bogota colombia,
ingeniero de datos senior  bogota colombia,
ingeniero de datos senior  bogota colombia,
ingeniero de datos senior  bogota colombia,
practicante de mejora continua,
practicante de mejora continua,
practicante de mejora continua,
practicante de mejora continua,
practicante de mejora continua,
practicante de mejora continua,
practicante de mejora continua,
practicante de mejora continua,
practicante de mejora continua,
practicante de mejora continua,
practicante de sistemas,
practicante de sistemas,
practicante tecnologia,
practicante tecnologia,
practicante tecnologia,
practicante tecnologia,
practicante tecnologia,
practicante tecnologia,
practicante tecnologia,
practicante tecnologia,
practicante tecnologia,
practicante tecnologia,
practicante tecnologia,
practicante tecnologia,
practicante tecnologia,
practicante tecnologia,
practicante tecnologia,
practicante tecnologia,
practicante tecnologia,
practicante tics,
practicante tics,
practicante tics,
practicante tics,
product manager tech,
product manager tech,
product manager tech,
product manager tech,
product manager tech,
product manager tech  colombia,
product manager tech  colombia,
product manager tech  colombia,
product manager tech  colombia,
profesional de aplicaciones  sql excel power bi,
profesional de aplicaciones  sql excel power bi,
profesional de soporte conocimiento sql excel avanzado power bi,
profesional de soporte conocimiento sql excel avanzado power bi,
profesional de soporte conocimiento sql excel avanzado power bi,
profesional de soporte conocimiento sql excel avanzado power bi,
profesional de soporte conocimiento sql excel avanzado power bi,
profesional de soporte conocimiento sql excel avanzado power bi,
profesional de soporte conocimiento sql excel avanzado power bi,
profesional en desarrollo,
profesional en desarrollo,
profesional en desarrollo,
profesional en desarrollo,
profesional en desarrollo,
profesional operativo depositos especiales,
profesional senior gestion logistica y documental minimo  anos de experiencia sector bancario  bogota,
profesional senior gestion logistica y documental minimo  anos de experiencia sector bancario  bogota,
profesional senior gestion logistica y documental minimo  anos de experiencia sector bancario  bogota,
profesional senior gestion logistica y documental minimo  anos de experiencia sector bancario  bogota,
profesional senior gestion logistica y documental minimo  anos de experiencia sector bancario  bogota,
profesional senior gestion logistica y documental minimo  anos de experiencia sector bancario  bogota,
profesional senior gestion logistica y documental minimo  anos de experiencia sector bancario  bogota,
profesional senior ti en gestion documental sector bancario  bogota dc,
profesional senior ti en gestion documental sector bancario  bogota dc,
profesional senior ti en gestion documental sector bancario  bogota dc,
profesional senior ti en gestion documental sector bancario  bogota dc,
profesional senior ti en gestion documental sector bancario  bogota dc,
profesional senior ti en gestion documental sector bancario  bogota dc,
profesional senior ti en gestion documental sector bancario  bogota dc,
profesional senior ti en gestion documental sector bancario  bogota dc,
profesional senior ti en gestion documental sector bancario  bogota dc,
profesional senior ti en gestion documental sector bancario  bogota dc,
profesional senior ti en gestion documental sector bancario  bogota dc,
profesional universitario administracion operativa banca electronica,
profesional universitario administracion operativa banca electronica,
profesional universitario administracion operativa banca electronica,
profesional universitario administracion operativa banca electronica,
profesional universitario administracion operativa banca electronica,
profesional universitario administracion operativa banca electronica,
profesional universitario administracion operativa banca electronica,
profesional universitario administracion operativa banca electronica,
profesional universitario administracion operativa banca electronica,
profesional universitario de desarrollo soluciones tecnologicas,
profesional universitario de desarrollo soluciones tecnologicas,
profesional universitario de desarrollo soluciones tecnologicas,
profesional universitario de desarrollo soluciones tecnologicas,
profesional universitario de desarrollo soluciones tecnologicas,
profesional universitario de desarrollo soluciones tecnologicas,
profesional universitario de desarrollo soluciones tecnologicas,
profesional universitario de desarrollo soluciones tecnologicas,
profesional universitario de desarrollo soluciones tecnologicas,
profesional universitario de desarrollo soluciones tecnologicas,
profesional universitario de desarrollo soluciones tecnologicas,
profesional universitario de desarrollo soluciones tecnologicas,
profesional universitario de desarrollo soluciones tecnologicas,
profesoresas en informatica y tecnologia clases online,
profesoresas en informatica y tecnologia clases online,
profesoresas en informatica y tecnologia clases online,
profesoresas en informatica y tecnologia clases online,
profesoresas en informatica y tecnologia clases online,
profesoresas en informatica y tecnologia clases online,
profesoresas en informatica y tecnologia clases online,
profesoresas en informatica y tecnologia clases online,
profesoresas en informatica y tecnologia clases online,
project manager,
project manager,
sap specialist,
sap specialist,
tecnico de soporte computo,
tecnico de soporte computo,
tecnico de soporte computo,
tecnico de soporte computo,
tecnico de soporte computo,
tecnico de soporte computo,
tecnico de soporte computo,
tecnico de soporte en sistemas informaticos,
tecnico de soporte en sistemas informaticos,
tecnico de soporte en sistemas informaticos,
tecnico de soporte en sistemas informaticos,
tecnico de soporte en sistemas informaticos,
tecnico de soporte en sistemas informaticos,
tecnico de soporte en sistemas informaticos,
tecnico de soporte en sistemas informaticos,
tecnico de soporte en sistemas informaticos,
tecnico de soporte en sitio,
tecnico de soporte nivel,
tecnico de soporte nivel,
tecnico de soporte nivel,
tecnico de soporte nivel,
tecnico de soporte nivel,
tecnico de soporte nivel,
tecnico de soporte nivel,
tecnico de soporte nivel,
tecnico de soporte nivel,
tecnico de soporte nivel,
tecnico de soporte nivel,
tecnico de soporte nivel,
tecnico de soporte nivel,
tecnico de soporte nivel,
tecnico de soporte nivel,
tecnico de soporte nivel,
tecnico de soporte nivel,
tecnico de soporte nivel,
tecnico de soporte nivel,
tecnico de soporte nivel,
tecnico de soporte nivel,
tecnico de soporte nivel,
tecnico de soporte nivel,
tecnico de soporte nivel,
tecnico de soporte nivel,
tecnico de soporte nivel,
tecnico de soporte nivel,
tecnico de soporte nivel,
tecnico de soporte nivel,
tecnico de soporte nivel,
tecnico de soporte nivel,
tecnico de soporte nivel,
tecnico de soporte nivel,
tecnico de soporte nivel,
tecnico de soporte nivel,
tecnico de soporte nivel,
tecnico de soporte nivel,
tecnico de soporte nivel,
tecnico de soporte nivel,
tecnico de soporte nivel,
tecnico de soporte nivel,
tecnico de soporte nivel,
tecnico de soporte nivel,
tecnico de soporte nivel,
tecnico de soporte nivel,
tecnico de soporte nivel,
tecnico de soporte nivel,
tecnico de soporte nivel,
tecnico de soporte nivel,
tecnico de soporte nivel,
tecnico de soporte nivel,
tecnico de soporte nivel,
tecnico de soporte nivel,
tecnico de soporte nivel,
tecnico de soporte nivel,
tecnico de soporte nivel,
tecnico de soporte nivel,
tecnico de soporte nivel,
tecnico de soporte nivel,
tecnico de soporte nivel,
tecnico de soporte nivel,
tecnico de soporte nivel,
tecnico de soporte nivel,
tecnico de soporte nivel,
tecnico de soporte nivel,
tecnico de soporte nivel,
tecnico de soporte nivel,
tecnico de soporte nivel,
tecnico de soporte nivel,
tecnico de soporte nivel,
tecnico de soporte nivel,
tecnico de soporte nivel,
tecnico de soporte nivel,
tecnico de soporte nivel,
tecnico de soporte nivel,
tecnico de soporte nivel,
tecnico de soporte nivel,
tecnico de soporte nivel,
tecnico de soporte nivel,
tecnico de soporte nivel,
tecnico de soporte nivel,
tecnico de soporte nivel,
tecnico de soporte nivel,
tecnico de soporte nivel,
tecnico de soporte y tecnologia,
tecnico de soporte y tecnologia,
tecnico de soporte y tecnologia,
tecnico de soporte y tecnologia,
tecnico de soporte y tecnologia,
tecnico de soporte y tecnologia,
tecnico de soporte y tecnologia,
tecnico de soporte y tecnologia,
tecnico de soporte y tecnologia,
tecnico de soporte y tecnologia,
tecnico de soporte y tecnologia,
tecnico de soporte y tecnologia,
tecnico de soporte y tecnologia,
tecnico en sistemas,
tecnico en sistemas,
tecnico en sistemas,
tecnico en sistemas,
tecnico en sistemas,
tecnico en sistemas,
tecnico en sistemas,
tecnico en sistemas,
tecnico en sistemas,
tecnico en sistemas,
tecnico en sistemas,
tecnico en sistemas,
tecnico en sistemas,
tecnico en sistemas,
tecnico en sistemas,
tecnico en sistemas,
tecnico en sistemas,
tecnico en sistemas  galapa,
tecnico en sistemas  galapa,
tecnico en sistemas  galapa,
tecnico en sistemas  galapa,
tecnico en sistemas  galapa,
tecnico en sistemas  galapa,
tecnico en sistemas  galapa,
tecnico en sistemas con exp en mesa de ayuda  soporte tecnico  bogota,
tecnico en sistemas con exp en mesa de ayuda  soporte tecnico  bogota,
tecnico en sistemas con exp en mesa de ayuda  soporte tecnico  bogota,
tecnico en sistemas con exp en mesa de ayuda  soporte tecnico  bogota,
tecnico en sistemas con exp en mesa de ayuda  soporte tecnico  bogota,
tecnico en sistemas con exp en mesa de ayuda  soporte tecnico  bogota,
tecnico en sistemas con exp en mesa de ayuda  soporte tecnico  bogota,
tecnico en sistemas con exp en mesa de ayuda  soporte tecnico  bogota,
tecnico en sistemas con exp en mesa de ayuda  soporte tecnico  bogota,
tecnico en sistemas con exp en mesa de ayuda  soporte tecnico  bogota,
tecnico en sistemas con exp en mesa de ayuda  soporte tecnico  bogota,
tecnico en sistemas con exp en mesa de ayuda  soporte tecnico  bogota,
tecnico en sistemas con exp en mesa de ayuda  soporte tecnico  bogota,
tecnico en sistemas con exp en mesa de ayuda  soporte tecnico  bogota,
tecnico en sistemas con exp en mesa de ayuda  soporte tecnico  bogota,
tecnico en sistemas con exp en mesa de ayuda  soporte tecnico  bogota,
tecnico en sistemas informaticos,
tecnico en sistemas o informatica  con o sin experiencia laboral,
tecnico en sistemas o informatica  con o sin experiencia laboral,
tecnico en sistemas o informatica  con o sin experiencia laboral,
tecnico en sistemas o informatica  con o sin experiencia laboral,
tecnico en sistemas o informatica  con o sin experiencia laboral,
tecnico en sistemas o informatica  con o sin experiencia laboral,
tecnico en sistemas o informatica  con o sin experiencia laboral,
tecnico en sistemas o informatica  con o sin experiencia laboral,
tecnico en sistemas o informatica  con o sin experiencia laboral,
tecnico en sistemas o informatica  con o sin experiencia laboral,
tecnico en sistemas o informatica  con o sin experiencia laboral,
tecnico qa tester junior  home office,
tecnico qa tester junior  home office,
tecnico qa tester junior  home office,
tecnico qa tester junior  home office,
tecnico tecnologo o estudiante de ultimos semestre en informatica sistemas software o afines,
tecnico tecnologo o estudiante de ultimos semestre en informatica sistemas software o afines,
tecnico tecnologo o estudiante de ultimos semestre en informatica sistemas software o afines,
tecnico tecnologo o estudiante de ultimos semestre en informatica sistemas software o afines,
tecnico tecnologo o estudiante de ultimos semestre en informatica sistemas software o afines,
tecnico tecnologo o estudiante de ultimos semestre en informatica sistemas software o afines,
tecnico tecnologo o profesional en informatica sistemas software o afines,
tecnico tecnologo o profesional en informatica sistemas software o afines,
tecnicoa apoyo en servicio optronica,
tecnicoa apoyo en servicio optronica,
tecnicoa apoyo en servicio optronica,
tecnicoa apoyo en servicio optronica,
tecnicoa apoyo en servicio optronica,
tecnicoa apoyo en servicio optronica,
tecnicoa apoyo en servicio optronica,
tecnicoa apoyo en servicio optronica,
tecnicoa apoyo en servicio optronica,
tecnicoa apoyo en servicio optronica,